BMI,Drink Tolerance
24.36350297,4
38.76785766,9
33.29984855,7
29.9664621,6
18.90046601,3
18.89986301,3
16.4520903,2
36.65440364,8
30.02787529,6
32.70181444,7
15.51461236,2
39.2477463,7
35.81106602,8
20.30847777,4
19.54562418,3
19.58511275,3
22.60605607,4
28.11891079,5
25.79862547,6
22.2807285,4
30.29632237,7
18.48734652,4